Workbook
Name EMPNAME: CHOOSE('Pivot table'!$A$1,FINANCE,OPERATION,HR)
Name FINANCE: Employee!$A$3:$A$12
Name HR: Employee!$A$27:$A$36
Name OPERATION: Employee!$A$17:$A$23

Sheet Employee
A1: Finance
A2: EMPNAME | B2: 2001 | C2: 2002 | D2: 2003 | E2: 2004 | F2: 2005 | G2: 2006 | H2: 2007 | I2: 2008 | J2: 2009 | K2: 2010 | L2: 2011 | M2: 2012 | N2: 2013 | O2: 2014 | P2: 2015 | Q2: 2016 | R2: 2017 | S2: 2018 | T2: 2019 | U2: 2020 | V2: 2021 | W2: 2022 | X2: 2023 | Y2: 2024 | Z2: 2025 | AA2: 2026 | AB2: 2027 | AC2: 2028 | AD2: 2029 | AE2: 2030
A3: SUJATA MOORE | B3: =RANDBETWEEN(40,900) -> 41 | C3: =RANDBETWEEN(40,900) -> 831 | D3: =RANDBETWEEN(40,900) -> 292 | E3: =RANDBETWEEN(40,900) -> 419 | F3: =RANDBETWEEN(40,900) -> 416 | G3: =RANDBETWEEN(40,900) -> 143 | H3: =RANDBETWEEN(40,900) -> 322 | I3: =RANDBETWEEN(40,900) -> 211 | ... AE3: =RANDBETWEEN(40,900) -> 599
A4: SUNITA GODE | B4: =RANDBETWEEN(40,900) -> 739 | C4: =RANDBETWEEN(40,900) -> 343 | D4: =RANDBETWEEN(40,900) -> 863 | E4: =RANDBETWEEN(40,900) -> 42 | F4: =RANDBETWEEN(40,900) -> 528 | G4: =RANDBETWEEN(40,900) -> 656 | H4: =RANDBETWEEN(40,900) -> 520 | I4: =RANDBETWEEN(40,900) -> 447 | ... AE4: =RANDBETWEEN(40,900) -> 70
A5: ABHI DUDHBARAI | B5: =RANDBETWEEN(40,900) -> 461 | C5: =RANDBETWEEN(40,900) -> 199 | D5: =RANDBETWEEN(40,900) -> 438 | E5: =RANDBETWEEN(40,900) -> 222 | F5: =RANDBETWEEN(40,900) -> 147 | G5: =RANDBETWEEN(40,900) -> 653 | H5: =RANDBETWEEN(40,900) -> 418 | I5: =RANDBETWEEN(40,900) -> 786 | ... AE5: =RANDBETWEEN(40,900) -> 234
A6: ANKITA SHENDE | B6: =RANDBETWEEN(40,900) -> 122 | C6: =RANDBETWEEN(40,900) -> 78 | D6: =RANDBETWEEN(40,900) -> 325 | E6: =RANDBETWEEN(40,900) -> 665 | F6: =RANDBETWEEN(40,900) -> 799 | G6: =RANDBETWEEN(40,900) -> 786 | H6: =RANDBETWEEN(40,900) -> 64 | I6: =RANDBETWEEN(40,900) -> 490 | ... AE6: =RANDBETWEEN(40,900) -> 558
A7: NANDINI SATGHARE | B7: =RANDBETWEEN(40,900) -> 724 | C7: =RANDBETWEEN(40,900) -> 275 | D7: =RANDBETWEEN(40,900) -> 452 | E7: =RANDBETWEEN(40,900) -> 341 | F7: =RANDBETWEEN(40,900) -> 90 | G7: =RANDBETWEEN(40,900) -> 132 | H7: =RANDBETWEEN(40,900) -> 774 | I7: =RANDBETWEEN(40,900) -> 43 | ... AE7: =RANDBETWEEN(40,900) -> 417
A8: POONAM LENGURE | B8: =RANDBETWEEN(40,900) -> 678 | C8: =RANDBETWEEN(40,900) -> 602 | D8: =RANDBETWEEN(40,900) -> 854 | E8: =RANDBETWEEN(40,900) -> 501 | F8: =RANDBETWEEN(40,900) -> 293 | G8: =RANDBETWEEN(40,900) -> 214 | H8: =RANDBETWEEN(40,900) -> 302 | I8: =RANDBETWEEN(40,900) -> 73 | ... AE8: =RANDBETWEEN(40,900) -> 316
A9: MINAKSHI JADHAV | B9: =RANDBETWEEN(40,900) -> 834 | C9: =RANDBETWEEN(40,900) -> 146 | D9: =RANDBETWEEN(40,900) -> 450 | E9: =RANDBETWEEN(40,900) -> 176 | F9: =RANDBETWEEN(40,900) -> 408 | G9: =RANDBETWEEN(40,900) -> 662 | H9: =RANDBETWEEN(40,900) -> 821 | I9: =RANDBETWEEN(40,900) -> 704 | ... AE9: =RANDBETWEEN(40,900) -> 292
A10: VIDYA DHAGE | B10: =RANDBETWEEN(40,900) -> 183 | C10: =RANDBETWEEN(40,900) -> 47 | D10: =RANDBETWEEN(40,900) -> 385 | E10: =RANDBETWEEN(40,900) -> 816 | F10: =RANDBETWEEN(40,900) -> 737 | G10: =RANDBETWEEN(40,900) -> 268 | H10: =RANDBETWEEN(40,900) -> 298 | I10: =RANDBETWEEN(40,900) -> 240 | ... AE10: =RANDBETWEEN(40,900) -> 484
A11: SANJIVANI NIKHADE | B11: =RANDBETWEEN(40,900) -> 754 | C11: =RANDBETWEEN(40,900) -> 576 | D11: =RANDBETWEEN(40,900) -> 827 | E11: =RANDBETWEEN(40,900) -> 408 | F11: =RANDBETWEEN(40,900) -> 410 | G11: =RANDBETWEEN(40,900) -> 46 | H11: =RANDBETWEEN(40,900) -> 79 | I11: =RANDBETWEEN(40,900) -> 670 | ... AE11: =RANDBETWEEN(40,900) -> 633
A12: MITALI JADHAV | B12: =RANDBETWEEN(40,900) -> 884 | C12: =RANDBETWEEN(40,900) -> 604 | D12: =RANDBETWEEN(40,900) -> 395 | E12: =RANDBETWEEN(40,900) -> 120 | F12: =RANDBETWEEN(40,900) -> 607 | G12: =RANDBETWEEN(40,900) -> 134 | H12: =RANDBETWEEN(40,900) -> 192 | I12: =RANDBETWEEN(40,900) -> 392 | ... AE12: =RANDBETWEEN(40,900) -> 866
A15: Operation | B15: 2001 | C15: 2002 | D15: 2003 | E15: 2004 | F15: 2005 | G15: 2006 | H15: 2007 | I15: 2008 | J15: 2009 | K15: 2010 | L15: 2011 | M15: 2012 | N15: 2013 | O15: 2014 | P15: 2015 | Q15: 2016 | R15: 2017 | S15: 2018 | T15: 2019 | U15: 2020 | V15: 2021 | W15: 2022 | X15: 2023 | Y15: 2024 | Z15: 2025 | AA15: 2026 | AB15: 2027 | AC15: 2028 | AD15: 2029 | AE15: 2030
A16: EMPNAME | B16: =RANDBETWEEN(33,888) -> 609 | C16: =RANDBETWEEN(33,888) -> 95 | D16: =RANDBETWEEN(33,888) -> 876 | E16: =RANDBETWEEN(33,888) -> 703 | F16: =RANDBETWEEN(33,888) -> 446 | G16: =RANDBETWEEN(33,888) -> 522 | H16: =RANDBETWEEN(33,888) -> 520 | I16: =RANDBETWEEN(33,888) -> 367 | ... AE16: =RANDBETWEEN(33,888) -> 385
A17: RIYA JADHAV | B17: =RANDBETWEEN(33,888) -> 773 | C17: =RANDBETWEEN(33,888) -> 551 | D17: =RANDBETWEEN(33,888) -> 276 | E17: =RANDBETWEEN(33,888) -> 796 | F17: =RANDBETWEEN(33,888) -> 42 | G17: =RANDBETWEEN(33,888) -> 41 | H17: =RANDBETWEEN(33,888) -> 859 | I17: =RANDBETWEEN(33,888) -> 640 | ... AE17: =RANDBETWEEN(33,888) -> 769
A18: AMISHA DUDHBARAI | B18: =RANDBETWEEN(33,888) -> 218 | C18: =RANDBETWEEN(33,888) -> 553 | D18: =RANDBETWEEN(33,888) -> 353 | E18: =RANDBETWEEN(33,888) -> 60 | F18: =RANDBETWEEN(33,888) -> 546 | G18: =RANDBETWEEN(33,888) -> 864 | H18: =RANDBETWEEN(33,888) -> 533 | I18: =RANDBETWEEN(33,888) -> 461 | ... AE18: =RANDBETWEEN(33,888) -> 529
A19: ADESH DANGRE | B19: =RANDBETWEEN(33,888) -> 198 | C19: =RANDBETWEEN(33,888) -> 264 | D19: =RANDBETWEEN(33,888) -> 94 | E19: =RANDBETWEEN(33,888) -> 866 | F19: =RANDBETWEEN(33,888) -> 669 | G19: =RANDBETWEEN(33,888) -> 165 | H19: =RANDBETWEEN(33,888) -> 184 | I19: =RANDBETWEEN(33,888) -> 390 | ... AE19: =RANDBETWEEN(33,888) -> 484
A20: UNNATI TOOL | B20: =RANDBETWEEN(33,888) -> 770 | C20: =RANDBETWEEN(33,888) -> 538 | D20: =RANDBETWEEN(33,888) -> 298 | E20: =RANDBETWEEN(33,888) -> 173 | F20: =RANDBETWEEN(33,888) -> 364 | G20: =RANDBETWEEN(33,888) -> 509 | H20: =RANDBETWEEN(33,888) -> 379 | I20: =RANDBETWEEN(33,888) -> 256 | ... AE20: =RANDBETWEEN(33,888) -> 607
A21: MANAV DESHMUDH | B21: =RANDBETWEEN(33,888) -> 521 | C21: =RANDBETWEEN(33,888) -> 768 | D21: =RANDBETWEEN(33,888) -> 585 | E21: =RANDBETWEEN(33,888) -> 146 | F21: =RANDBETWEEN(33,888) -> 134 | G21: =RANDBETWEEN(33,888) -> 804 | H21: =RANDBETWEEN(33,888) -> 807 | I21: =RANDBETWEEN(33,888) -> 608 | ... AE21: =RANDBETWEEN(33,888) -> 288
A22: PRAMODH LONDE | B22: =RANDBETWEEN(33,888) -> 748 | C22: =RANDBETWEEN(33,888) -> 761 | D22: =RANDBETWEEN(33,888) -> 856 | E22: =RANDBETWEEN(33,888) -> 34 | F22: =RANDBETWEEN(33,888) -> 266 | G22: =RANDBETWEEN(33,888) -> 339 | H22: =RANDBETWEEN(33,888) -> 348 | I22: =RANDBETWEEN(33,888) -> 693 | ... AE22: =RANDBETWEEN(33,888) -> 225
A23: NITHA RADHOD | B23: =RANDBETWEEN(33,888) -> 286 | C23: =RANDBETWEEN(33,888) -> 701 | D23: =RANDBETWEEN(33,888) -> 284 | E23: =RANDBETWEEN(33,888) -> 138 | F23: =RANDBETWEEN(33,888) -> 141 | G23: =RANDBETWEEN(33,888) -> 71 | H23: =RANDBETWEEN(33,888) -> 396 | I23: =RANDBETWEEN(33,888) -> 477 | ... AE23: =RANDBETWEEN(33,888) -> 444
A25: HR
A26: EMPNAME | B26: 2001 | C26: 2002 | D26: 2003 | E26: 2004 | F26: 2005 | G26: 2006 | H26: 2007 | I26: 2008 | J26: 2009 | K26: 2010 | L26: 2011 | M26: 2012 | N26: 2013 | O26: 2014 | P26: 2015 | Q26: 2016 | R26: 2017 | S26: 2018 | T26: 2019 | U26: 2020 | V26: 2021 | W26: 2022 | X26: 2023 | Y26: 2024 | Z26: 2025 | AA26: 2026 | AB26: 2027 | AC26: 2028 | AD26: 2029 | AE26: 2030
A27: YEKTA KAPOR | B27: =RANDBETWEEN(30,890) -> 418 | C27: =RANDBETWEEN(30,890) -> 882 | D27: =RANDBETWEEN(30,890) -> 154 | E27: =RANDBETWEEN(30,890) -> 182 | F27: =RANDBETWEEN(30,890) -> 273 | G27: =RANDBETWEEN(30,890) -> 159 | H27: =RANDBETWEEN(30,890) -> 96 | I27: =RANDBETWEEN(30,890) -> 698 | ... AE27: =RANDBETWEEN(30,890) -> 201
A28: PIYUSH WADHAI | B28: =RANDBETWEEN(30,890) -> 66 | C28: =RANDBETWEEN(30,890) -> 200 | D28: =RANDBETWEEN(30,890) -> 403 | E28: =RANDBETWEEN(30,890) -> 755 | F28: =RANDBETWEEN(30,890) -> 295 | G28: =RANDBETWEEN(30,890) -> 558 | H28: =RANDBETWEEN(30,890) -> 382 | I28: =RANDBETWEEN(30,890) -> 789 | ... AE28: =RANDBETWEEN(30,890) -> 152
A29: NIKHIL JADHAV | B29: =RANDBETWEEN(30,890) -> 294 | C29: =RANDBETWEEN(30,890) -> 647 | D29: =RANDBETWEEN(30,890) -> 473 | E29: =RANDBETWEEN(30,890) -> 782 | F29: =RANDBETWEEN(30,890) -> 103 | G29: =RANDBETWEEN(30,890) -> 291 | H29: =RANDBETWEEN(30,890) -> 515 | I29: =RANDBETWEEN(30,890) -> 771 | ... AE29: =RANDBETWEEN(30,890) -> 715
A30: HIRALAL RATHOD | B30: =RANDBETWEEN(30,890) -> 486 | C30: =RANDBETWEEN(30,890) -> 730 | D30: =RANDBETWEEN(30,890) -> 239 | E30: =RANDBETWEEN(30,890) -> 39 | F30: =RANDBETWEEN(30,890) -> 829 | G30: =RANDBETWEEN(30,890) -> 850 | H30: =RANDBETWEEN(30,890) -> 452 | I30: =RANDBETWEEN(30,890) -> 740 | ... AE30: =RANDBETWEEN(30,890) -> 71
A31: MANOJ KABALE | B31: =RANDBETWEEN(30,890) -> 506 | C31: =RANDBETWEEN(30,890) -> 665 | D31: =RANDBETWEEN(30,890) -> 354 | E31: =RANDBETWEEN(30,890) -> 264 | F31: =RANDBETWEEN(30,890) -> 364 | G31: =RANDBETWEEN(30,890) -> 697 | H31: =RANDBETWEEN(30,890) -> 564 | I31: =RANDBETWEEN(30,890) -> 266 | ... AE31: =RANDBETWEEN(30,890) -> 383
A32: KRISHANA RATHOD | B32: =RANDBETWEEN(30,890) -> 836 | C32: =RANDBETWEEN(30,890) -> 453 | D32: =RANDBETWEEN(30,890) -> 652 | E32: =RANDBETWEEN(30,890) -> 170 | F32: =RANDBETWEEN(30,890) -> 409 | G32: =RANDBETWEEN(30,890) -> 603 | H32: =RANDBETWEEN(30,890) -> 832 | I32: =RANDBETWEEN(30,890) -> 524 | ... AE32: =RANDBETWEEN(30,890) -> 243
A33: RUTUJA ZADE | B33: =RANDBETWEEN(30,890) -> 521 | C33: =RANDBETWEEN(30,890) -> 626 | D33: =RANDBETWEEN(30,890) -> 327 | E33: =RANDBETWEEN(30,890) -> 661 | F33: =RANDBETWEEN(30,890) -> 34 | G33: =RANDBETWEEN(30,890) -> 742 | H33: =RANDBETWEEN(30,890) -> 38 | I33: =RANDBETWEEN(30,890) -> 561 | ... AE33: =RANDBETWEEN(30,890) -> 577
A34: MONALI FATING | B34: =RANDBETWEEN(30,890) -> 773 | C34: =RANDBETWEEN(30,890) -> 377 | D34: =RANDBETWEEN(30,890) -> 502 | E34: =RANDBETWEEN(30,890) -> 704 | F34: =RANDBETWEEN(30,890) -> 747 | G34: =RANDBETWEEN(30,890) -> 396 | H34: =RANDBETWEEN(30,890) -> 360 | I34: =RANDBETWEEN(30,890) -> 704 | ... AE34: =RANDBETWEEN(30,890) -> 129
A35: DIVYA BHALKAR | B35: =RANDBETWEEN(30,890) -> 277 | C35: =RANDBETWEEN(30,890) -> 203 | D35: =RANDBETWEEN(30,890) -> 341 | E35: =RANDBETWEEN(30,890) -> 572 | F35: =RANDBETWEEN(30,890) -> 377 | G35: =RANDBETWEEN(30,890) -> 67 | H35: =RANDBETWEEN(30,890) -> 862 | I35: =RANDBETWEEN(30,890) -> 127 | ... AE35: =RANDBETWEEN(30,890) -> 351
A36: SURAJ MORE | B36: =RANDBETWEEN(30,890) -> 517 | C36: =RANDBETWEEN(30,890) -> 547 | D36: =RANDBETWEEN(30,890) -> 810 | E36: =RANDBETWEEN(30,890) -> 295 | F36: =RANDBETWEEN(30,890) -> 729 | G36: =RANDBETWEEN(30,890) -> 110 | H36: =RANDBETWEEN(30,890) -> 462 | I36: =RANDBETWEEN(30,890) -> 559 | ... AE36: =RANDBETWEEN(30,890) -> 296

Sheet Pivot table
A1: 3 | B1: 9 | C1: 10
A17: YEAR | B17: =OFFSET(Employee!A1,1,COLUMN(A1)+C1) -> 2011 | C17: =OFFSET(Employee!B1,1,COLUMN(B1)+D1) -> 2003 | D17: =OFFSET(Employee!C1,1,COLUMN(C1)+E1) -> 2005 | E17: =OFFSET(Employee!D1,1,COLUMN(D1)+F1) -> 2007 | F17: =OFFSET(Employee!E1,1,COLUMN(E1)+G1) -> 2009 | G17: =OFFSET(Employee!F1,1,COLUMN(F1)+H1) -> 2011
A18: =CHOOSE(A1,OFFSET(Employee!A2,'Pivot table'!B1,0),OFFSET(Employee!A15,'Pivot table'!B1,0),OFFSET(Employee!A23,'Pivot table'!B1,0)) -> KRISHANA RATHOD | B18: =VLOOKUP('Pivot table'!A18,Employee!A3:AE36,MATCH('Pivot table'!B17,Employee!A2:AE2,0)) -> 321 | C18: =VLOOKUP('Pivot table'!B18,Employee!B3:AF36,MATCH('Pivot table'!C17,Employee!B2:AF2,0)) -> 473 | D18: =VLOOKUP('Pivot table'!C18,Employee!C3:AG36,MATCH('Pivot table'!D17,Employee!C2:AG2,0)) -> 377 | E18: =VLOOKUP('Pivot table'!D18,Employee!D3:AH36,MATCH('Pivot table'!E17,Employee!D2:AH2,0)) -> 396 | F18: =VLOOKUP('Pivot table'!E18,Employee!E3:AI36,MATCH('Pivot table'!F17,Employee!E2:AI2,0)) -> 608 | G18: =VLOOKUP('Pivot table'!F18,Employee!F3:AJ36,MATCH('Pivot table'!G17,Employee!F2:AJ2,0)) -> 759
A19: TARGET | B19: =B18+RANDBETWEEN(1,20) -> 329 | C19: =C18+RANDBETWEEN(1,20) -> 489 | D19: =D18+RANDBETWEEN(1,20) -> 380 | E19: =E18+RANDBETWEEN(1,20) -> 413 | F19: =F18+RANDBETWEEN(1,20) -> 625 | G19: =G18+RANDBETWEEN(1,20) -> 771
